memory,type,is_cold,exec_time,connection_time,client_time,provider_time,mem_used
1024,warm,False,951713,3.092822,4067728,957000,
1024,warm,False,545238,3.84254,4411811,550000,
1024,warm,False,590520,3.139307,3750047,594000,
1024,warm,False,535704,3.451029,4008146,539000,
1024,warm,False,566312,3.054067,3641105,570000,
1024,warm,False,565484,3.638626,4224616,569000,
1024,warm,False,550980,3.217597,3792917,557000,
1024,warm,False,679675,2.692791,3393504,684000,
1024,warm,False,563739,4.087385,4679477,570000,
1024,warm,False,785563,3.251787,4065746,793000,
1024,warm,False,589777,3.539707,4158005,594000,
1024,warm,False,694703,3.201244,3923019,700000,
1024,warm,False,552285,3.302386,3888086,566000,
1024,warm,False,601871,3.427978,4063263,606000,
1024,warm,False,558611,3.657924,4239036,562000,
1024,warm,False,691533,2.961634,3672502,695000,
1024,warm,False,553420,3.137758,3711274,557000,
1024,warm,False,676124,3.933493,4634168,681000,
1024,warm,False,811479,3.058116,3891058,815000,
1024,warm,False,679263,2.681961,3386518,688000,
1024,warm,False,1005434,2.360023,3384726,1010000,
1024,warm,False,595934,3.396645,4015982,602000,
1024,warm,False,549640,3.584503,4154120,553000,
1024,warm,False,560552,3.490427,4070104,565000,
1024,warm,False,602302,4.060246,4683297,606000,
1024,warm,False,691030,2.867686,3578304,695000,
1024,warm,False,692236,3.387608,4098765,697000,
1024,warm,False,596580,3.470083,4087219,601000,
1024,warm,False,591688,3.532256,4157225,597000,
1024,warm,False,541588,3.544798,4104852,546000,
1024,warm,False,694556,2.816182,3531706,701000,
1024,warm,False,599479,2.843895,3463036,603000,
1024,warm,False,711116,3.838504,4569823,715000,
1024,warm,False,561195,3.474458,4060416,566000,
1024,warm,False,604918,3.541634,4167655,609000,
1024,warm,False,596161,2.823558,3439480,600000,
1024,warm,False,581750,3.509151,4641305,587000,
1024,warm,False,513886,3.428386,3964038,518000,
1024,warm,False,564880,3.122697,3711712,569000,
1024,warm,False,493337,3.020224,3533340,497000,
1024,warm,False,486369,3.568886,4084173,491000,
1024,warm,False,490846,2.957881,3469792,494000,
1024,warm,False,545722,3.471887,4043948,549000,
1024,warm,False,551023,3.432128,4014973,557000,
1024,warm,False,737747,3.519419,4289137,743000,
1024,warm,False,548271,3.598023,4176962,552000,
1024,warm,False,570376,3.318515,3913644,574000,
1024,warm,False,604494,4.057066,4683894,608000,
1024,warm,False,687980,3.429428,4604939,691000,
1024,warm,False,567402,3.416301,4004281,571000,
1024,warm,False,600422,3.658747,4290158,605000,
1024,warm,False,543791,3.607404,4177851,548000,
1024,warm,False,693154,3.673314,4413614,697000,
1024,warm,False,546823,3.555704,4133841,551000,
1024,warm,False,568097,3.457807,4056217,572000,
1024,warm,False,545305,4.199305,4775283,550000,
1024,warm,False,542588,3.349861,3916561,547000,
1024,warm,False,635486,3.556133,4222182,640000,
1024,warm,False,537634,3.664415,4231590,541000,
1024,warm,False,545045,4.231507,4806514,549000,
1024,warm,False,537072,3.303568,3864112,541000,
1024,warm,False,552114,2.924868,3507378,556000,
1024,warm,False,604046,3.906787,4535280,609000,
1024,warm,False,541490,3.546387,4113125,546000,
1024,warm,False,691518,3.240409,3956523,697000,
1024,warm,False,690629,3.753879,4468362,697000,
1024,warm,False,636840,3.016237,3676353,643000,
1024,warm,False,718272,3.080444,3848010,735000,
1024,warm,False,540461,3.192311,3757149,547000,
1024,warm,False,726698,3.397703,4153662,730000,
1024,warm,False,618655,4.263346,5526281,623000,
1024,warm,False,653290,4.205453,4887897,660000,
1024,warm,False,597235,3.505359,4131502,601000,
1024,warm,False,596583,3.491441,4116124,600000,
1024,warm,False,540627,3.668947,4240885,544000,
1024,warm,False,702026,3.506776,4237755,714000,
1024,warm,False,552448,3.651616,4232131,557000,
1024,warm,False,957720,2.743705,3721348,962000,
1024,warm,False,546347,3.67319,4247333,551000,
1024,warm,False,599965,2.701692,3323374,603000,
1024,warm,False,678475,3.800602,4499143,683000,
1024,warm,False,681377,3.148589,3852505,686000,
1024,warm,False,565085,2.937266,3524888,570000,
1024,warm,False,552279,2.978941,3556638,558000,
1024,warm,False,540474,3.42988,3992863,544000,
1024,warm,False,573032,3.545167,4145666,578000,
1024,warm,False,544112,3.566419,4132905,548000,
1024,warm,False,551824,3.306019,3885381,558000,
1024,warm,False,672498,3.300339,3999509,676000,
1024,warm,False,608459,3.218386,3850495,613000,
1024,warm,False,685905,3.285764,3999022,691000,
1024,warm,False,563337,4.067893,4659909,568000,
1024,warm,False,596239,3.149931,3771709,602000,
1024,warm,False,541620,3.331513,3902245,546000,
1024,warm,False,682937,3.325283,4041687,689000,
1024,warm,False,605205,4.119859,4763931,616000,
1024,warm,False,541217,3.3809,3944682,545000,
1024,warm,False,588936,3.431121,4047811,593000,
1024,warm,False,588269,3.253611,3871732,593000,
1024,warm,False,546059,3.565834,4136203,550000,
1024,warm,False,545491,3.446809,4012811,549000,
1024,warm,False,557858,3.409545,3997200,562000,
1024,warm,False,618094,4.25322,4924011,623000,
1024,warm,False,638538,2.904792,3570397,647000,
1024,warm,False,560263,3.574451,4711586,566000,
1024,warm,False,668660,3.476367,4177180,672000,
1024,warm,False,556361,3.569455,4144034,561000,
1024,warm,False,550565,3.617675,4203020,556000,
1024,warm,False,605361,3.70254,4336140,610000,
1024,warm,False,560948,3.659285,4252421,568000,
1024,warm,False,680379,3.61806,4345113,689000,
1024,warm,False,595988,3.415874,4035124,601000,
1024,warm,False,558801,3.345071,3950934,572000,
1024,warm,False,679492,3.648355,4352051,685000,
1024,warm,False,587643,3.535401,4149012,592000,
1024,warm,False,585138,3.505258,4114069,589000,
1024,warm,False,674515,3.143316,3843415,679000,
1024,warm,False,688675,4.171474,4887504,693000,
1024,warm,False,544752,3.577274,4157015,550000,
1024,warm,False,543908,3.707577,4276095,549000,
1024,warm,False,556435,3.470662,4053192,560000,
1024,warm,False,548765,3.425717,3996405,552000,
1024,warm,False,549244,3.595522,4174962,554000,
1024,warm,False,587710,4.152784,4785607,604000,
1024,warm,False,677102,3.501145,4217067,683000,
1024,warm,False,691230,3.637394,4360466,695000,
1024,warm,False,678935,4.076231,4784643,682000,
1024,warm,False,593246,3.48586,4110577,597000,
1024,warm,False,572433,3.527131,4130962,578000,
1024,warm,False,680624,3.539253,4241550,687000,
1024,warm,False,552955,3.399145,3979365,557000,
1024,warm,False,817872,3.31479,4159041,822000,
1024,warm,False,677544,3.864239,4563138,681000,
1024,warm,False,555040,3.239896,3821732,563000,
1024,warm,False,592003,3.023316,3635636,596000,
1024,warm,False,545281,3.221724,3793400,552000,
1024,warm,False,539546,2.97885,3557186,557000,
1024,warm,False,684396,2.874935,3603725,709000,
1024,warm,False,588547,2.680278,3332733,625000,
1024,warm,False,615012,3.185755,3838749,621000,
1024,warm,False,560504,3.610998,4204873,571000,
1024,warm,False,560167,3.420715,4010479,565000,
1024,warm,False,594685,3.243461,4451251,601000,
1024,warm,False,595473,3.70577,4323996,601000,
1024,warm,False,598165,3.121495,3744175,604000,
1024,warm,False,557426,3.969473,4555694,562000,
1024,warm,False,549580,3.450347,4027840,553000,
1024,warm,False,594487,3.632613,4272011,598000,
1024,warm,False,553455,3.485826,4065606,558000,
1024,warm,False,559093,3.694484,4291464,563000,
1024,warm,False,560579,3.390524,3979376,565000,
1024,warm,False,685130,3.621877,4329024,689000,
1024,warm,False,542172,3.650823,4224652,548000,
1024,warm,False,543971,3.496441,4060028,548000,
1024,warm,False,495452,4.185133,4716081,499000,
1024,warm,False,504507,3.347411,3878861,510000,
1024,warm,False,505345,3.670098,4203159,509000,
1024,warm,False,504670,2.904154,3430759,508000,
1024,warm,False,567244,3.474632,4074283,571000,
1024,warm,False,559267,3.432952,4011018,563000,
1024,warm,False,693352,3.406925,4126686,701000,
1024,warm,False,539779,2.259754,2818591,544000,
1024,warm,False,570185,3.632965,4700381,576000,
1024,warm,False,558372,2.984955,3562668,562000,
1024,warm,False,542256,2.870477,3432771,548000,
1024,warm,False,554027,3.588908,4161623,558000,
1024,warm,False,596087,3.2789,3892517,599000,
1024,warm,False,535661,2.726906,3279846,539000,
1024,warm,False,1431351,3.494169,4947245,1435000,
1024,warm,False,535801,2.708174,3263478,540000,
1024,warm,False,614061,3.261485,3897184,620000,
1024,warm,False,603603,3.020436,3643107,608000,
1024,warm,False,526092,3.668732,4237012,530000,
1024,warm,False,688097,4.231744,4949839,693000,
1024,warm,False,535137,3.581793,4138838,539000,
1024,warm,False,591720,2.955827,3572052,596000,
1024,warm,False,614823,3.440683,4095696,623000,
1024,warm,False,594278,3.26847,3888094,599000,
1024,warm,False,739980,3.125123,3892437,745000,
1024,warm,False,696748,3.287662,4012113,702000,
1024,warm,False,537577,3.149758,3714221,541000,
1024,warm,False,550404,3.63428,4208964,555000,
1024,warm,False,545836,3.291985,3862790,550000,
1024,warm,False,683259,3.720052,4426279,688000,
1024,warm,False,703970,3.435562,4170417,713000,
1024,warm,False,591761,3.879979,4499158,597000,
1024,warm,False,683322,3.211505,3920418,689000,
1024,warm,False,688489,3.313556,4025880,692000,
1024,warm,False,561467,3.304566,3892253,565000,
1024,warm,False,567677,3.192555,3785116,573000,
1024,warm,False,589171,3.460199,4079944,593000,
1024,warm,False,541884,3.333506,3901844,546000,
1024,warm,False,615439,3.345978,3986644,619000,
1024,warm,False,611156,3.647267,4288888,615000,
1024,warm,False,590137,3.437822,4063118,595000,
1024,warm,False,595827,3.625734,4241097,600000,
1024,warm,False,603747,2.997757,3628739,610000,
1024,warm,False,599213,3.927173,4554733,604000,
1024,warm,False,691121,3.363567,4077789,697000,
1024,warm,False,673504,3.307018,4014001,679000,
1024,warm,False,801566,3.544691,4375530,805000,
1024,warm,False,601216,4.011791,4638065,605000,
1024,warm,False,674745,3.208417,3917298,679000,
1024,warm,False,602006,3.454797,4092378,606000,
1024,warm,False,557183,3.378095,3972866,561000,
512,cold,True,1778123,3.47165,7259262,1850000,
512,cold,True,1760272,3.019304,6305056,1789000,
512,cold,True,1624516,2.860577,4516234,1637000,
512,cold,True,1575707,3.049002,5701743,1613000,
512,cold,True,1204667,3.02979,5531068,1278000,
512,cold,True,1990571,2.322311,4347176,2002000,
512,cold,True,1624779,2.421959,4071358,1635000,
512,cold,True,1712117,2.957496,5819892,1792000,
512,cold,True,1313812,3.341362,5999606,1370000,
512,cold,True,1239360,3.062753,5608331,1313000,
512,cold,True,1836947,3.372622,6461878,1861000,
512,cold,True,1179773,3.09174,5418123,1274000,
512,cold,True,1258073,3.501912,5858906,1287000,
512,cold,True,1400765,3.378297,6254470,1466000,
512,cold,True,1905654,3.218223,6202250,1934000,
512,cold,True,2130198,3.280228,6801317,2154000,
512,cold,True,1186357,3.30939,5961037,1277000,
512,cold,True,1840468,3.392627,6882764,1943000,
512,cold,True,1730128,3.513806,6549839,1797000,
512,cold,True,1629634,3.428121,6285771,1653000,
512,cold,True,1180297,3.177843,5885436,1233000,
512,cold,True,1770641,3.521176,6456126,1790000,
512,cold,True,1601174,3.348266,6014166,1698000,
512,cold,True,1748500,2.99822,5923807,1764000,
512,cold,True,1153367,3.236014,5490557,1240000,
512,cold,True,1928907,3.409379,6398019,1945000,
512,cold,True,1415516,3.358395,6508356,1474000,
512,cold,True,1707066,3.222806,6225830,1752000,
512,cold,True,1122976,3.328884,5905804,1192000,
512,cold,True,1281825,3.317946,5878648,1360000,
512,cold,True,1198023,2.915091,5080661,1256000,
512,cold,True,1673178,3.21531,5951909,1689000,
512,cold,True,1510639,3.282935,5867187,1555000,
512,cold,True,1089246,3.307861,5444797,1143000,
512,cold,True,1684938,3.106847,5822125,1718000,
512,cold,True,1682043,3.369452,6134572,1710000,
512,cold,True,2029998,3.497203,6585643,2096000,
512,cold,True,1653741,3.266712,5795987,1675000,
512,cold,True,1988792,3.218943,6936467,2074000,
512,cold,True,2111888,3.551238,7114431,2144000,
512,cold,True,1681701,3.309144,6065450,1726000,
512,cold,True,1808230,3.157471,6175728,1929000,
512,cold,True,1740518,3.384769,6291141,1770000,
512,cold,True,1592899,2.682231,4298169,1602000,
512,cold,True,1828213,3.430195,6759751,1890000,
512,cold,True,2033684,3.317725,7032168,2151000,
512,cold,True,1680626,3.231667,6446803,1749000,
512,cold,True,1604443,3.425524,6074732,1630000,
512,cold,True,1240406,3.445982,5938057,1293000,
512,cold,True,1284607,3.135014,5803218,1344000,
512,cold,True,1534409,3.510001,6089604,1584000,
512,cold,True,1276678,3.508111,6015351,1342000,
512,cold,True,1689484,3.106132,5961731,1763000,
512,cold,True,1295683,2.785925,5340282,1336000,
512,cold,True,1238067,3.426083,5862478,1282000,
512,cold,True,1261493,3.029086,6176105,1337000,
512,cold,True,1122588,2.688627,4877435,1214000,
512,cold,True,1740972,3.429477,6333153,1763000,
512,cold,True,1703623,3.505105,6673371,1769000,
512,cold,True,1172428,3.218343,5592935,1223000,
512,cold,True,1688008,3.258959,6161656,1761000,
512,cold,True,1295730,3.319913,5894071,1372000,
512,cold,True,1737786,2.717128,5676350,1805000,
512,cold,True,1813921,3.315209,6396192,1880000,
512,cold,True,1739750,3.411687,6372376,1777000,
512,cold,True,1378297,2.979193,5949485,1461000,
512,cold,True,2149700,2.633901,4816531,2164000,
512,cold,True,2196922,3.605181,6965611,2267000,
512,cold,True,1694095,3.395097,6076437,1714000,
512,cold,True,1788778,3.072871,6021287,1863000,
512,cold,True,1322533,3.03696,5442497,1347000,
512,cold,True,1778479,3.32503,6382593,1859000,
512,cold,True,1832178,3.647544,6666219,1890000,
512,cold,True,1559237,3.027432,5675947,1603000,
512,cold,True,1904441,3.490747,6572359,1934000,
512,cold,True,1775392,3.401159,6808348,1855000,
512,cold,True,1748375,2.930164,5679950,1761000,
512,cold,True,1505877,3.168858,6440205,1584000,
512,cold,True,1159546,2.77812,5324981,1244000,
512,cold,True,1179800,3.320963,5678356,1242000,
512,cold,True,2055852,3.381925,6745205,2169000,
512,cold,True,1298688,2.970421,5485277,1365000,
512,cold,True,1732263,3.641146,6697034,1791000,
512,cold,True,1296085,3.275268,5771246,1350000,
512,cold,True,1165707,3.442344,5776257,1210000,
512,cold,True,1418099,3.488787,6473021,1474000,
512,cold,True,1117793,3.337312,5613971,1215000,
512,cold,True,2038612,3.262933,6249755,2074000,
512,cold,True,1261175,2.89412,5283595,1302000,
512,cold,True,1233207,3.50496,6079065,1282000,
512,cold,True,1455143,3.453311,6496104,1519000,
512,cold,True,1639119,3.505412,6287595,1716000,
512,cold,True,1708379,3.333852,6201047,1757000,
512,cold,True,1779913,3.097786,6089120,1812000,
512,cold,True,1317403,2.979974,5398640,1366000,
512,cold,True,1850005,3.155755,6329785,1927000,
512,cold,True,2265793,3.376442,7065083,2367000,
512,cold,True,1740269,3.554488,6553781,1759000,
512,cold,True,1751303,3.529207,6445458,1834000,
512,cold,True,1634141,2.81772,5822005,1646000,
512,cold,True,1674754,3.227596,6117540,1738000,
512,cold,True,1365934,3.012478,5894880,1422000,
512,cold,True,2176342,3.45392,7325538,2251000,
512,cold,True,1839381,3.695704,6742193,1893000,
512,cold,True,1854660,3.655449,7147209,1884000,
512,cold,True,1765050,2.999885,5909726,1791000,
512,cold,True,1695362,3.435178,6262389,1733000,
512,cold,True,1869454,3.026982,6376431,1910000,
512,cold,True,1805784,3.304105,6773046,1893000,
512,cold,True,1122787,3.295398,5764180,1219000,
512,cold,True,1160462,3.052154,5420955,1191000,
512,cold,True,1600238,3.326156,6394951,1677000,
512,cold,True,2204100,3.364041,6939921,2307000,
512,cold,True,1199094,3.439371,5624515,1245000,
512,cold,True,1735862,3.28649,6184662,1780000,
512,cold,True,1148403,3.041399,5396131,1223000,
512,cold,True,1724199,3.403965,6388724,1739000,
512,cold,True,1684182,3.436914,6268987,1717000,
512,cold,True,1171342,2.831759,5278226,1247000,
512,cold,True,1914752,3.259511,6702860,2034000,
512,cold,True,1631109,3.249955,5909943,1695000,
512,cold,True,1583861,3.242195,5921005,1600000,
512,cold,True,1187452,2.945695,5202437,1216000,
512,cold,True,1238702,3.421048,5863551,1279000,
512,cold,True,1234726,2.804706,5118924,1318000,
512,cold,True,1770939,3.041028,6091629,1792000,
512,cold,True,1765102,3.210338,6316132,1787000,
512,cold,True,2162322,3.591998,6868153,2243000,
512,cold,True,1316933,3.615394,6132222,1380000,
512,cold,True,1673576,3.296451,6426302,1726000,
512,cold,True,1660386,2.923743,5729624,1690000,
512,cold,True,1094085,2.924734,4965840,1132000,
512,cold,True,1805453,3.56799,6678282,1877000,
512,cold,True,1262475,3.435638,6244809,1312000,
512,cold,True,1185129,3.121932,5792337,1275000,
512,cold,True,1149996,3.391517,5905644,1181000,
512,cold,True,1313915,2.75089,5281152,1377000,
512,cold,True,1221161,3.245494,5955251,1302000,
512,cold,True,1224153,3.441783,5666148,1259000,
512,cold,True,1147556,3.182918,5391739,1211000,
512,cold,True,1220190,3.449677,5887978,1285000,
512,cold,True,1607778,3.019652,5559724,1649000,
512,cold,True,1908824,3.455549,6901263,2037000,
512,cold,True,1355627,3.168705,5850962,1404000,
512,cold,True,1503084,3.523877,6794759,1606000,
512,cold,True,1666634,3.1741,5961718,1742000,
512,cold,True,1779613,2.750556,5762752,1870000,
512,cold,True,1283456,3.407679,6025770,1374000,
512,cold,True,1286485,3.372906,5992517,1347000,
512,cold,True,1236277,3.338668,5663614,1299000,
512,cold,True,1674472,3.253539,6020424,1708000,
512,cold,True,1539705,3.388445,5938557,1590000,
512,cold,True,1162919,3.270316,5623444,1224000,
512,cold,True,1817392,2.433422,4279839,1831000,
512,cold,True,1152924,2.766186,5007258,1177000,
512,cold,True,1692714,3.348251,6295469,1782000,
512,cold,True,1597597,3.492197,6024201,1654000,
512,cold,True,1275084,2.90239,5374872,1368000,
512,cold,True,1188122,3.245314,5509323,1227000,
512,cold,True,1822042,3.385236,6639199,1910000,
512,cold,True,1873774,3.322842,6464656,1935000,
512,cold,True,1703324,3.230098,6220405,1794000,
512,cold,True,1810120,2.686256,4530579,1821000,
512,cold,True,1784555,3.391865,6381896,1850000,
512,cold,True,1659056,3.296223,6083444,1689000,
512,cold,True,1179109,3.073756,5379285,1237000,
512,cold,True,1279513,3.126342,5590085,1321000,
512,cold,True,1900653,3.403269,6549171,1922000,
512,cold,True,1856593,3.606085,6745379,1933000,
512,cold,True,1931641,3.375764,6820799,2040000,
512,cold,True,1137909,2.991581,5396274,1239000,
512,cold,True,1845626,3.366019,6369799,1860000,
512,cold,True,2034494,3.213226,6972358,2120000,
512,cold,True,1193356,2.703886,5009000,1270000,
512,cold,True,1709831,3.059135,5925159,1791000,
512,cold,True,1604444,2.778298,4428060,1617000,
512,cold,True,1339021,3.074342,5873580,1426000,
512,cold,True,1779456,3.60663,6675408,1805000,
512,cold,True,1223411,3.185748,5596931,1283000,
512,cold,True,1225658,3.622659,6149963,1314000,
512,cold,True,1955494,3.650629,6897261,1984000,
512,cold,True,1793019,3.556622,6762211,1819000,
512,cold,True,1275042,3.110453,5565675,1384000,
512,cold,True,1298800,3.347003,5988957,1369000,
512,cold,True,2094520,3.181118,7047668,2170000,
512,cold,True,2160898,3.417785,6591699,2250000,
512,cold,True,1714740,3.49167,6460358,1772000,
512,cold,True,1289321,3.21571,5854823,1338000,
512,cold,True,1218488,2.96396,5339278,1313000,
512,cold,True,1736273,3.304365,6209048,1750000,
512,cold,True,1665253,3.256812,6087479,1726000,
512,cold,True,2039337,3.667828,7136290,2089000,
512,cold,True,1699464,2.713152,4440871,1713000,
512,cold,True,1428272,2.496383,5442546,1501000,
512,cold,True,1661392,3.476473,6408213,1756000,
512,cold,True,2243254,3.648151,7057131,2274000,
512,cold,True,2244951,3.707127,7080563,2313000,
512,cold,True,1550401,3.486935,6671001,1570000,
512,cold,True,1748019,3.281552,6295432,1770000,
512,cold,True,1730299,3.218449,6190498,1795000,
512,cold,True,1622969,3.56636,6366065,1668000,
512,cold,True,1677477,2.78919,5684200,1767000,
512,cold,True,1254085,3.371323,6002906,1322000,
512,cold,True,1614621,3.355508,6074006,1646000,
512,cold,True,1841616,3.490979,6646472,1877000,
512,cold,True,1229897,3.477425,5940155,1293000,
512,cold,True,1895559,3.642931,6901978,1985000,
512,cold,True,1494939,3.308639,6215043,1580000,
512,cold,True,1894247,3.428555,6484275,1925000,
512,cold,True,1765375,3.710059,6759183,1788000,
256,cold,True,3100888,3.088208,12243632,3220000,
256,cold,True,3272076,2.576784,5886456,3295000,
256,cold,True,2945254,3.372547,7638487,3065000,
256,cold,True,1186508,3.329626,5883125,1249000,
256,cold,True,3543702,3.077962,8336614,3674000,
256,cold,True,1267884,2.906534,5467381,1337000,
256,cold,True,3237043,3.194554,8041997,3396000,
256,cold,True,3630742,3.733686,8635991,3687000,
256,cold,True,1789072,3.179802,6108941,1850000,
256,cold,True,3535633,3.251675,8123361,3681000,
256,cold,True,3440893,2.998998,8871415,3682000,
256,cold,True,1293315,2.704972,5337278,1376000,
256,cold,True,3522233,3.934826,8885280,3578000,
256,cold,True,1135153,3.327913,5567063,1221000,
256,cold,True,2917252,3.458645,7746398,3117000,
256,cold,True,3397040,3.644106,9065593,3776000,
256,cold,True,3191134,3.259817,7594101,3224000,
256,cold,True,3839549,2.954356,8446734,3957000,
256,cold,True,1338736,3.630273,6447079,1447000,
256,cold,True,1071412,3.140088,5605652,1180000,
256,cold,True,1885699,2.84387,6870152,1976000,
256,cold,True,1157245,3.253665,5494328,1245000,
256,cold,True,3116208,3.048859,7381141,3179000,
256,cold,True,3449580,3.377738,8157314,3503000,
256,cold,True,2678114,3.880425,7602914,2693000,
256,cold,True,1090844,3.553085,5986424,1156000,
256,cold,True,1211520,3.22935,6167368,1264000,
256,cold,True,3080036,3.344343,7758455,3117000,
256,cold,True,3229017,2.999139,12583175,3295000,
256,cold,True,2862436,3.361392,7360723,3049000,
256,cold,True,3081044,3.297462,12229540,3195000,
256,cold,True,3167427,3.428751,7918647,3215000,
256,cold,True,1298652,3.13607,5845865,1364000,
256,cold,True,3325823,3.414809,7900776,3515000,
256,cold,True,1132781,2.724962,4983877,1217000,
256,cold,True,2705231,3.233771,7481708,2928000,
256,cold,True,3557963,2.751328,7987623,3572000,
256,cold,True,3251971,3.882534,8570905,3433000,
256,cold,True,3656887,2.764275,8080263,3668000,
256,cold,True,1049703,3.344409,5619215,1144000,
256,cold,True,3054186,3.672399,7840393,3069000,
256,cold,True,1196108,3.012366,5281161,1234000,
256,cold,True,3141757,3.497912,8311293,3248000,
256,cold,True,3025346,2.82006,7040760,3112000,
256,cold,True,1201910,3.375044,5661514,1295000,
256,cold,True,5012102,3.699308,11266955,5269000,
256,cold,True,4134591,2.747758,6977716,4204000,
256,cold,True,1416103,3.153347,6079156,1468000,
256,cold,True,3054141,3.574233,7809272,3246000,
256,cold,True,3140324,2.971008,12582216,3300000,
256,cold,True,3568898,3.297742,8024422,3581000,
256,cold,True,2828606,3.657648,7542981,2910000,
256,cold,True,1192102,3.517218,5820505,1246000,
256,cold,True,1540498,2.770834,6407274,1650000,
256,cold,True,3048166,3.371677,7623649,3202000,
256,cold,True,4570157,2.636851,7305549,4651000,
256,cold,True,1277588,3.121601,5560348,1344000,
256,cold,True,2828998,3.687027,7551836,2905000,
256,cold,True,4242665,3.302046,9368136,4502000,
256,cold,True,1089429,2.897316,5044526,1140000,
256,cold,True,1293334,2.514675,5000944,1370000,
256,cold,True,1352881,3.113797,5640900,1401000,
256,cold,True,2853803,3.448031,7596147,2961000,
256,cold,True,3006095,3.824323,8134640,3081000,
256,cold,True,1112724,3.300228,5499336,1158000,
256,cold,True,3380877,2.685692,6091821,3392000,
256,cold,True,3317827,3.68978,8351595,3475000,
256,cold,True,3047384,3.262434,7628738,3104000,
256,cold,True,1333271,2.504849,5019698,1373000,
256,cold,True,3343374,3.590117,7948703,3380000,
256,cold,True,1748733,2.853595,6040749,1797000,
256,cold,True,3072458,3.685781,7872750,3087000,
256,cold,True,1259428,3.513134,5842044,1306000,
256,cold,True,3085479,3.453066,7795305,3097000,
256,cold,True,3127347,3.82903,8265471,3145000,
256,cold,True,3644716,2.683582,6356915,3656000,
256,cold,True,1235240,2.907025,5317961,1332000,
256,cold,True,3209669,3.707619,8225015,3269000,
256,cold,True,1234599,3.817538,6349043,1294000,
256,cold,True,1193670,3.412515,5773969,1289000,
256,cold,True,2924788,3.381695,7333840,2984000,
256,cold,True,1274635,3.659229,6299834,1356000,
256,cold,True,1430330,2.707537,5877058,1489000,
256,cold,True,3368276,3.147652,7622800,3462000,
256,cold,True,1269273,3.103416,5567967,1322000,
256,cold,True,4250659,3.324063,8953388,4308000,
256,cold,True,1318946,3.276796,5925479,1364000,
256,cold,True,1217097,3.734421,6009837,1309000,
256,cold,True,2853812,3.914346,7765135,2940000,
256,cold,True,1718248,2.90139,5997277,1774000,
256,cold,True,3196094,3.817433,8408494,3283000,
256,cold,True,1393168,3.344615,5828262,1451000,
256,cold,True,3554567,3.187651,8356420,3838000,
256,cold,True,4627639,3.592234,10927093,4939000,
256,cold,True,1187510,2.988724,5360264,1262000,
256,cold,True,3028207,3.390141,7690046,3222000,
256,cold,True,3018781,3.238544,7424057,3028000,
256,cold,True,1283984,3.482921,6108589,1377000,
256,cold,True,3194266,2.529597,5752227,3207000,
256,cold,True,4231987,3.363046,9132190,4430000,
256,cold,True,2986243,2.498766,5511944,2998000,
256,cold,True,3256209,3.273723,12612621,3298000,
256,cold,True,1307742,2.948754,5446125,1403000,
256,cold,True,3254015,3.673229,8024943,3317000,
256,cold,True,3326436,3.389887,8078835,3421000,
256,cold,True,3711622,3.260257,12859935,3836000,
256,cold,True,1050059,3.579984,5746526,1111000,
256,cold,True,1228296,3.615669,6049472,1277000,
256,cold,True,3366161,3.169297,8002720,3486000,
256,cold,True,3418494,2.906191,8307535,3696000,
256,cold,True,3226041,2.704857,7209292,3266000,
256,cold,True,2550718,3.343165,6929593,2674000,
256,cold,True,2919476,3.746039,7688323,2984000,
256,cold,True,3230028,3.618518,8036439,3352000,
256,cold,True,3590202,3.313978,8198338,3664000,
256,cold,True,3432571,3.706549,8410728,3478000,
256,cold,True,3196294,3.717084,8276604,3261000,
256,cold,True,2711946,3.243547,6929686,2771000,
256,cold,True,1527090,3.213359,5984816,1568000,
256,cold,True,3301665,3.337133,8225803,3365000,
256,cold,True,1090363,3.440724,5583448,1147000,
256,cold,True,3420973,3.367714,8155716,3532000,
256,cold,True,1277680,3.099442,5518364,1375000,
256,cold,True,2821758,3.096072,6950651,2887000,
256,cold,True,3607500,3.005297,7699139,3664000,
256,cold,True,3331070,2.802514,7377780,3450000,
256,cold,True,3003374,3.069957,7193929,3012000,
256,cold,True,1322313,3.327487,6230050,1397000,
256,cold,True,2931834,2.460035,5419091,2944000,
256,cold,True,995714,3.140285,5209151,1089000,
256,cold,True,1364122,3.713125,6357034,1432000,
256,cold,True,3207045,3.423711,7810008,3289000,
256,cold,True,3609723,3.406276,8372973,3824000,
256,cold,True,3147431,3.242518,7561245,3316000,
256,cold,True,2018465,3.295261,7066134,2192000,
256,cold,True,3113210,3.364855,7634234,3192000,
256,cold,True,1097225,3.210245,5295419,1141000,
256,cold,True,3467209,2.33639,5832512,3481000,
256,cold,True,3267731,3.537811,8370346,3329000,
256,cold,True,3473843,3.674169,8451974,3545000,
256,cold,True,4484368,3.455061,10770761,4809000,
256,cold,True,1089869,3.792096,6204225,1157000,
256,cold,True,3324623,2.805473,8220763,3641000,
256,cold,True,3730758,3.40816,8468611,3904000,
256,cold,True,1331712,2.829506,5316231,1402000,
256,cold,True,3010581,3.265218,7273970,3049000,
256,cold,True,1225210,2.563739,4966913,1295000,
256,cold,True,4130603,2.963451,8518874,4289000,
256,cold,True,1271737,3.771314,6462319,1361000,
256,cold,True,3227990,3.055946,7432369,3291000,
256,cold,True,1268720,3.228737,5952078,1341000,
256,cold,True,3237763,3.873,8256108,3411000,
256,cold,True,3741748,3.211239,8724717,3874000,
256,cold,True,1153237,3.674571,6169119,1197000,
256,cold,True,3159890,3.425767,7743813,3331000,
256,cold,True,2639189,3.427542,7172432,2711000,
256,cold,True,1410024,3.074102,6023819,1485000,
256,cold,True,2955561,3.240752,7529069,3032000,
256,cold,True,1925260,3.44623,6899658,2029000,
256,cold,True,1118481,3.285093,5479058,1206000,
256,cold,True,1249141,2.741529,5300190,1313000,
256,cold,True,1234326,2.63794,4841981,1285000,
256,cold,True,1642123,3.25236,6198701,1690000,
256,cold,True,3800357,2.827118,6657557,3817000,
256,cold,True,1430512,3.912089,6775628,1510000,
256,cold,True,1078327,3.026647,5300350,1148000,
256,cold,True,3137276,3.319097,7649703,3267000,
256,cold,True,3523086,3.037453,8600333,3745000,
256,cold,True,1319472,3.389893,6109533,1377000,
256,cold,True,2771300,2.569407,5366116,2781000,
256,cold,True,1816586,3.123688,6131919,1872000,
256,cold,True,1182460,3.099021,5608463,1257000,
256,cold,True,2957438,2.685264,6763533,3000000,
256,cold,True,2897229,3.396714,7511893,2999000,
256,cold,True,1344847,3.722442,6399316,1408000,
256,cold,True,3727322,3.303654,8893719,3974000,
256,cold,True,3229535,3.063746,6326272,3245000,
256,cold,True,2758940,3.500233,7438316,2856000,
256,cold,True,2235822,3.540202,7611501,2342000,
256,cold,True,1218689,3.409947,5782562,1279000,
256,cold,True,3068895,3.366707,7850180,3192000,
256,cold,True,3417468,3.256531,7969722,3544000,
256,cold,True,1174967,3.567459,5863704,1217000,
256,cold,True,1256770,3.143483,5675523,1311000,
256,cold,True,2813301,3.307757,7050578,2877000,
256,cold,True,1241712,3.465121,6372330,1291000,
256,cold,True,2870681,3.370082,7350927,3055000,
256,cold,True,1234758,3.415651,5814456,1279000,
256,cold,True,2903607,3.357753,7438403,3019000,
256,cold,True,1238400,2.820097,5293252,1303000,
256,cold,True,3147889,3.585565,8101978,3358000,
256,cold,True,1129794,3.560704,5843415,1183000,
256,cold,True,3083624,3.505737,7736044,3201000,
256,cold,True,1389319,3.775786,6386117,1491000,
256,cold,True,3127532,3.704223,8222362,3256000,
256,cold,True,3247520,3.703316,8339545,3332000,
256,cold,True,1198169,3.47993,5849945,1252000,
256,cold,True,3046154,3.164205,7468989,3135000,
256,cold,True,3258303,3.687641,8047089,3269000,
256,cold,True,1061776,3.318727,5356376,1114000,
256,cold,True,3046355,2.93465,7194667,3059000,
256,cold,True,2819238,3.874492,8053803,3000000,
256,cold,True,2957159,3.292096,7429075,3129000,
256,cold,True,3233604,3.357586,8290497,3433000,
256,cold,True,3723054,3.456307,8507524,3782000,
256,cold,True,3029159,3.118355,7398918,3172000,
256,cold,True,3253657,3.860512,8408540,3280000,
256,cold,True,1283167,3.098732,5750303,1338000,
256,cold,True,3629487,3.170915,8586927,3760000,
256,cold,True,2625093,3.406303,7192860,2824000,
256,cold,True,2847596,3.064648,6924542,2920000,
256,cold,True,1406182,3.018662,5605761,1473000,
256,cold,True,2932016,3.600617,7614925,2988000,
256,cold,True,3515724,3.715565,8539569,3637000,
256,cold,True,2748849,3.486065,7255653,2829000,
256,cold,True,3241499,3.425281,7989533,3286000,
256,cold,True,1676526,2.534119,5415897,1777000,
256,cold,True,3021370,3.242803,7321516,3090000,
256,cold,True,1320312,3.211161,5886533,1362000,
256,cold,True,1413918,3.080845,5724022,1452000,
256,cold,True,1177268,3.792358,6145507,1240000,
256,cold,True,3626251,2.967323,7704881,3641000,
256,cold,True,3209147,3.195466,7543964,3286000,
256,cold,True,3608146,3.516863,8707621,3800000,
1024,cold,True,1726955,4.082483,6948636,1772000,
1024,cold,True,1240700,3.655697,6160911,1308000,
1024,cold,True,1183667,3.571112,5740569,1214000,
1024,cold,True,1348367,3.088315,5728287,1437000,
1024,cold,True,1154253,3.393626,5643861,1215000,
1024,cold,True,1753812,3.288933,6314876,1860000,
1024,cold,True,1197762,3.530261,5722296,1235000,
1024,cold,True,1244427,4.03603,6428801,1266000,
1024,cold,True,1809405,3.34478,6307338,1849000,
1024,cold,True,1223590,3.242713,5607918,1265000,
1024,cold,True,1311597,3.145312,5663733,1370000,
1024,cold,True,1330026,3.44751,6076988,1400000,
1024,cold,True,1102949,3.647124,5925555,1135000,
1024,cold,True,1118185,3.121171,5375107,1161000,
1024,cold,True,1167902,2.775475,5037487,1236000,
1024,cold,True,1423912,3.291142,6237355,1462000,
1024,cold,True,1289108,3.388675,6028865,1355000,
1024,cold,True,1125845,4.032667,6242899,1185000,
1024,cold,True,1312217,3.15535,5390969,1353000,
1024,cold,True,1191649,3.537261,5892314,1225000,
1024,cold,True,1146914,2.2886,4540288,1214000,
1024,cold,True,1424343,3.698406,6666199,1475000,
1024,cold,True,1247436,3.10487,5470186,1263000,
1024,cold,True,1261404,3.086666,5390996,1297000,
1024,cold,True,1282521,3.029778,5532511,1311000,
1024,cold,True,1221767,2.60526,4902875,1260000,
1024,cold,True,2065517,3.727729,7106151,2128000,
1024,cold,True,1202939,3.31296,5726761,1299000,
1024,cold,True,1254754,3.333112,4611715,1264000,
1024,cold,True,1308200,3.704751,6153971,1365000,
1024,cold,True,1951529,3.158445,6380180,1992000,
1024,cold,True,1256519,3.509037,5942153,1323000,
1024,cold,True,1632537,2.789301,7271338,1715000,
1024,cold,True,1194172,3.495561,5963953,1281000,
1024,cold,True,1279712,3.511193,5985378,1331000,
1024,cold,True,1694292,3.47041,6200537,1753000,
1024,cold,True,1328333,2.819348,5449694,1387000,
1024,cold,True,1331777,2.730524,5460651,1438000,
1024,cold,True,1163092,3.331505,5413529,1232000,
1024,cold,True,1470678,3.73947,6682498,1557000,
1024,cold,True,1208093,3.185153,5635891,1256000,
1024,cold,True,1570914,3.345665,6643778,1641000,
1024,cold,True,1494477,3.509081,6390893,1582000,
1024,cold,True,1281426,3.000163,5388173,1327000,
1024,cold,True,1251038,3.367267,5909342,1334000,
1024,cold,True,1463807,3.453943,6335276,1521000,
1024,cold,True,1226496,3.303367,5734370,1309000,
1024,cold,True,1507801,3.375782,6620230,1563000,
1024,cold,True,1343467,3.62903,6186645,1446000,
1024,cold,True,1274152,3.857078,6427364,1331000,
1024,cold,True,1238824,2.818007,5263316,1331000,
1024,cold,True,1364452,3.120658,5628022,1396000,
1024,cold,True,1130469,3.148103,5447366,1234000,
1024,cold,True,1376015,3.602934,5986732,1406000,
1024,cold,True,1336603,3.314718,5931881,1404000,
1024,cold,True,1371340,3.260447,5689224,1381000,
1024,cold,True,1172717,3.433789,5602806,1199000,
1024,cold,True,1325846,3.564997,6141281,1368000,
1024,cold,True,1147080,3.678821,6039161,1180000,
1024,cold,True,1289002,3.697472,7049863,1305000,
1024,cold,True,1352910,3.615983,6245513,1395000,
1024,cold,True,1153793,3.908033,6240490,1212000,
1024,cold,True,1086131,3.589003,5636533,1122000,
1024,cold,True,1307160,3.868175,6442908,1341000,
1024,cold,True,1199311,3.351485,5743213,1301000,
1024,cold,True,1176403,3.118804,5550568,1241000,
1024,cold,True,1289158,3.462019,6225830,1376000,
1024,cold,True,1374366,3.602212,6255081,1424000,
1024,cold,True,1347360,3.630137,6278307,1405000,
1024,cold,True,1422179,3.677961,6697315,1488000,
1024,cold,True,1250752,3.475607,5916661,1300000,
1024,cold,True,1277269,2.968494,5632304,1349000,
1024,cold,True,1203144,3.114127,5461095,1278000,
1024,cold,True,1376716,3.425681,6070612,1423000,
1024,cold,True,1478030,3.470756,6109922,1518000,
1024,cold,True,1307108,3.159688,5655592,1344000,
1024,cold,True,1409374,3.47789,6293793,1454000,
1024,cold,True,1760944,3.629749,6499249,1802000,
1024,cold,True,1206974,3.14627,5525221,1290000,
1024,cold,True,1145078,3.400454,5748449,1175000,
1024,cold,True,1325407,3.147489,5720527,1388000,
1024,cold,True,1195604,2.863402,5024671,1222000,
1024,cold,True,1408273,3.162348,5854427,1467000,
1024,cold,True,1314514,3.972612,6355012,1329000,
1024,cold,True,1427131,3.597071,6335340,1489000,
1024,cold,True,1295000,2.917473,5629533,1394000,
1024,cold,True,1214197,3.176183,5435201,1255000,
1024,cold,True,1213645,3.675416,6038673,1295000,
1024,cold,True,1190974,3.469047,6133913,1230000,
1024,cold,True,1415299,3.525526,6038713,1460000,
1024,cold,True,1186873,3.715186,5988252,1231000,
1024,cold,True,1116805,3.951862,6147200,1218000,
1024,cold,True,1352286,3.644046,6099082,1364000,
1024,cold,True,1343535,3.999591,6661751,1405000,
1024,cold,True,1520214,3.264764,6089431,1543000,
1024,cold,True,1183440,3.56173,5880184,1244000,
1024,cold,True,1344983,3.14567,5910003,1444000,
1024,cold,True,1176051,3.183175,5559123,1225000,
1024,cold,True,1214769,2.093698,3331060,1224000,
1024,cold,True,1216840,3.506352,5903967,1301000,
1024,cold,True,1146595,2.661436,3835848,1160000,
1024,cold,True,1382524,3.354699,5915485,1404000,
1024,cold,True,1636876,2.99012,5591993,1679000,
1024,cold,True,1486502,3.518483,6153518,1514000,
1024,cold,True,1269243,3.66041,6236069,1320000,
1024,cold,True,1230780,3.356637,5799334,1281000,
1024,cold,True,1244370,3.937971,6419789,1293000,
1024,cold,True,1186972,3.026601,5326115,1242000,
1024,cold,True,1109607,3.354171,5720558,1159000,
1024,cold,True,1243789,3.109956,5276065,1286000,
1024,cold,True,1212757,3.347372,5728010,1256000,
1024,cold,True,1512717,3.47862,6617059,1549000,
1024,cold,True,1080757,3.422709,5806352,1196000,
1024,cold,True,1092617,3.613252,5795049,1190000,
1024,cold,True,1536552,2.715036,5588781,1598000,
1024,cold,True,1416581,2.963252,5786771,1478000,
1024,cold,True,1219839,3.563397,6029794,1290000,
1024,cold,True,1259452,3.27854,5752345,1306000,
1024,cold,True,1201223,3.467874,6071691,1278000,
1024,cold,True,1265054,3.233227,5706584,1321000,
1024,cold,True,1409501,3.954587,6576085,1443000,
1024,cold,True,1207525,3.399236,5800964,1240000,
1024,cold,True,1366966,3.512059,6058973,1390000,
1024,cold,True,1238112,3.248477,5539815,1275000,
1024,cold,True,1209942,2.965357,5172276,1229000,
1024,cold,True,1300220,3.542201,6242993,1363000,
1024,cold,True,1367728,3.488781,6226226,1423000,
1024,cold,True,1238683,3.256829,5455103,1292000,
1024,cold,True,1167123,3.437671,6079984,1212000,
1024,cold,True,1309151,3.544153,6213670,1342000,
1024,cold,True,1330375,3.362959,5927976,1384000,
1024,cold,True,1227336,2.985168,5168380,1259000,
1024,cold,True,1264020,2.085446,3377294,1278000,
1024,cold,True,1321505,3.589866,6048402,1354000,
1024,cold,True,1409401,3.921365,6570048,1462000,
1024,cold,True,1252245,3.468551,5725174,1296000,
1024,cold,True,1190967,4.045781,6270992,1207000,
1024,cold,True,1230219,2.901203,5226359,1285000,
1024,cold,True,1235453,3.859824,6185758,1330000,
1024,cold,True,1238482,2.320414,3582796,1248000,
1024,cold,True,1228998,3.665837,6219144,1303000,
1024,cold,True,1364526,3.076756,5775023,1426000,
1024,cold,True,1314482,3.557619,6021304,1384000,
1024,cold,True,1251348,3.157916,5619095,1281000,
1024,cold,True,1194268,3.806455,5969789,1212000,
1024,cold,True,1215618,3.083007,5509347,1326000,
1024,cold,True,1343384,3.285827,5831426,1395000,
1024,cold,True,1185783,3.266114,5997465,1257000,
1024,cold,True,1231410,2.560562,3818603,1241000,
1024,cold,True,1511106,3.257877,6174310,1589000,
1024,cold,True,1212387,3.069157,5465100,1227000,
1024,cold,True,1282879,3.514572,6096789,1328000,
1024,cold,True,1326465,3.526167,6014151,1399000,
1024,cold,True,1342575,3.472554,5925800,1418000,
1024,cold,True,1282604,3.369574,5747701,1309000,
1024,cold,True,1483690,3.771548,6660928,1555000,
1024,cold,True,1520544,4.002066,6766475,1599000,
1024,cold,True,1069750,3.39847,5559556,1131000,
1024,cold,True,1302304,3.30118,5800916,1342000,
1024,cold,True,1152212,3.640315,5941546,1174000,
1024,cold,True,1427975,2.924797,5701599,1479000,
1024,cold,True,1212078,3.581483,5867870,1251000,
1024,cold,True,1132328,3.398267,5627653,1180000,
1024,cold,True,1089788,3.201337,5459372,1193000,
1024,cold,True,1705624,3.902748,6860302,1764000,
1024,cold,True,1467577,3.424089,6525930,1542000,
1024,cold,True,1215662,2.796234,5185169,1288000,
1024,cold,True,1296374,3.04391,5400034,1339000,
1024,cold,True,1172553,3.862922,6047316,1214000,
1024,cold,True,1261324,3.328114,5665238,1317000,
1024,cold,True,1237549,3.346982,5689034,1272000,
1024,cold,True,1165921,3.029813,5473970,1213000,
1024,cold,True,1128321,3.42767,6085020,1201000,
1024,cold,True,1256232,3.732504,6075069,1304000,
1024,cold,True,1266673,3.524806,5964491,1333000,
1024,cold,True,1249489,2.943118,5527043,1294000,
1024,cold,True,1191608,3.276442,5516239,1234000,
1024,cold,True,1254972,2.52209,3801129,1265000,
1024,cold,True,1424795,3.874593,6625899,1491000,
1024,cold,True,1332802,4.086401,6705026,1383000,
1024,cold,True,1110192,3.927176,6171411,1167000,
1024,cold,True,1228217,3.281454,5894610,1317000,
1024,cold,True,1241889,3.146547,5543228,1263000,
1024,cold,True,1562005,3.339659,6354547,1653000,
1024,cold,True,1203201,3.415961,5894590,1292000,
1024,cold,True,1233777,3.473717,5885915,1264000,
1024,cold,True,1226229,3.358264,6010313,1246000,
1024,cold,True,1270695,4.010716,6461055,1283000,
1024,cold,True,1140157,3.972421,6219700,1179000,
1024,cold,True,1308192,3.484544,5985259,1347000,
1024,cold,True,1253177,3.636303,6074761,1275000,
1024,cold,True,1348485,3.403852,6098635,1431000,
1024,cold,True,1314848,3.16142,5570934,1348000,
1024,cold,True,1365486,3.347709,6092773,1419000,
1024,cold,True,1181516,4.006573,6436276,1285000,
1024,cold,True,1500654,3.750331,6764823,1559000,
1024,cold,True,1241396,3.523316,6051689,1291000,
1024,cold,True,1276736,3.62135,5903680,1287000,
1024,cold,True,1827460,3.360434,6674365,1880000,
1024,cold,True,1339816,3.547731,6083827,1396000,
1024,cold,True,1313788,3.234947,5832943,1352000,
1024,cold,True,1140063,3.820027,6070452,1228000,
1024,cold,True,1332340,3.456691,6241576,1389000,
1024,cold,True,1282641,3.220003,5540885,1314000,
1024,cold,True,1290549,3.431894,6036810,1329000,
1024,cold,True,1265683,3.278106,5596378,1319000,
512,warm,False,549398,3.776141,4358296,554000,
512,warm,False,1068141,4.122172,5218767,1072000,
512,warm,False,486210,3.643198,4160130,491000,
512,warm,False,549123,3.912728,4483222,554000,
512,warm,False,697242,3.92538,4659692,704000,
512,warm,False,674166,3.809539,4519911,678000,
512,warm,False,1065914,3.565521,4661778,1070000,
512,warm,False,485416,3.731705,4247926,489000,
512,warm,False,592377,3.773276,4418450,596000,
512,warm,False,493606,3.607844,4132069,497000,
512,warm,False,678128,3.247619,3951231,684000,
512,warm,False,565106,2.817217,3405091,570000,
512,warm,False,495827,3.401891,3917998,499000,
512,warm,False,594138,3.392815,4011889,599000,
512,warm,False,561896,3.905248,4490506,566000,
512,warm,False,683105,3.485335,4194866,691000,
512,warm,False,682715,3.86256,4569604,687000,
512,warm,False,664048,3.626027,4318024,670000,
512,warm,False,601924,3.531575,4156471,606000,
512,warm,False,562429,4.094842,4686262,573000,
512,warm,False,546135,3.472955,4040985,550000,
512,warm,False,602474,3.18179,3808052,608000,
512,warm,False,551119,3.408924,3986364,557000,
512,warm,False,539413,3.082429,3645203,543000,
512,warm,False,549487,3.782936,4359109,557000,
512,warm,False,1061202,3.508793,4596670,1065000,
512,warm,False,710256,3.418238,4151998,715000,
512,warm,False,559597,3.611673,4200623,563000,
512,warm,False,544696,3.141165,3709387,550000,
512,warm,False,679481,3.095956,3799619,684000,
512,warm,False,540973,2.962952,3530515,545000,
512,warm,False,538626,3.83819,4404799,548000,
512,warm,False,697664,3.603515,4336073,712000,
512,warm,False,1060672,3.863865,4958570,1067000,
512,warm,False,561231,4.029758,4620569,567000,
512,warm,False,495900,3.604699,4133280,503000,
512,warm,False,549894,4.027294,4605024,555000,
512,warm,False,568597,3.546292,4149165,573000,
512,warm,False,673615,3.702428,4404847,679000,
512,warm,False,514938,3.896835,4449589,523000,
512,warm,False,547749,4.094874,4669433,553000,
512,warm,False,594877,3.457928,4077282,600000,
512,warm,False,527668,3.541189,4101749,538000,
512,warm,False,589425,3.158978,3772908,594000,
512,warm,False,683640,3.753612,4462674,688000,
512,warm,False,676781,3.433774,4134916,682000,
512,warm,False,584848,3.687365,4298414,590000,
512,warm,False,598215,3.406515,4037293,604000,
512,warm,False,541381,3.185147,3754503,548000,
512,warm,False,544351,3.106472,3683665,548000,
512,warm,False,564919,3.655531,4244454,570000,
512,warm,False,1070245,3.778372,4896003,1077000,
512,warm,False,672379,3.473114,4172577,682000,
512,warm,False,541562,4.125614,4690853,547000,
512,warm,False,537362,4.161237,4727765,543000,
512,warm,False,485312,3.147517,3657740,490000,
512,warm,False,549919,3.553612,4124151,554000,
512,warm,False,606162,3.456727,4088088,612000,
512,warm,False,1068012,3.754425,4850197,1074000,
512,warm,False,575107,3.527919,4127137,580000,
512,warm,False,591811,3.339285,3956093,596000,
512,warm,False,594150,3.488026,4110157,599000,
512,warm,False,696167,3.452928,4172705,701000,
512,warm,False,490535,3.199819,3713735,495000,
512,warm,False,546560,4.115686,4693037,553000,
512,warm,False,564553,3.442213,4034436,569000,
512,warm,False,542938,3.225635,3790657,546000,
512,warm,False,587560,3.727741,4348920,592000,
512,warm,False,490946,3.717917,4234454,495000,
512,warm,False,1072402,3.737015,4836144,1076000,
512,warm,False,597879,3.910423,4533188,602000,
512,warm,False,506435,3.484854,4025924,510000,
512,warm,False,682761,3.571698,4304098,688000,
512,warm,False,712151,3.758383,4525446,741000,
512,warm,False,1073366,3.892807,4995260,1077000,
512,warm,False,1063627,3.464083,4564856,1068000,
512,warm,False,589861,3.82856,4447236,593000,
512,warm,False,559165,4.006222,4591136,563000,
512,warm,False,586361,4.125052,4745526,592000,
512,warm,False,581644,3.004201,3615441,589000,
512,warm,False,537629,3.837213,4417677,543000,
512,warm,False,547327,3.509776,4092101,551000,
512,warm,False,506308,3.613773,4147855,512000,
512,warm,False,1065674,3.932126,5027268,1069000,
512,warm,False,487783,3.74095,4262331,494000,
512,warm,False,582134,3.623361,4238094,590000,
512,warm,False,602516,4.111105,4746838,607000,
512,warm,False,681789,3.535386,4260548,688000,
512,warm,False,575562,3.988712,4596399,582000,
512,warm,False,538754,3.490149,4051932,543000,
512,warm,False,518935,3.671617,4261439,531000,
512,warm,False,591523,3.800643,4423287,596000,
512,warm,False,502263,3.863418,4945233,508000,
512,warm,False,490759,3.972803,4494151,494000,
512,warm,False,557954,3.841636,4437188,566000,
512,warm,False,491410,4.02447,4569065,516000,
512,warm,False,480669,3.83926,4358867,489000,
512,warm,False,569116,3.851204,5010213,575000,
512,warm,False,682040,3.002002,3703784,687000,
512,warm,False,488012,3.705866,4217017,492000,
512,warm,False,683043,3.621408,4329304,689000,
512,warm,False,545158,3.528531,4104674,549000,
512,warm,False,1064926,3.175798,4263830,1069000,
512,warm,False,543906,3.978073,4542964,548000,
512,warm,False,496941,3.406897,3925974,501000,
512,warm,False,694656,3.197831,3914836,699000,
512,warm,False,484052,3.597597,4107574,488000,
512,warm,False,495797,3.99444,4615767,505000,
512,warm,False,548867,2.967639,3553459,553000,
512,warm,False,550614,3.872806,4466532,555000,
512,warm,False,551069,3.427899,4022251,557000,
512,warm,False,542654,3.615138,4185063,547000,
512,warm,False,664561,3.993646,4687723,671000,
512,warm,False,481475,3.683032,4196804,486000,
512,warm,False,684969,3.262517,3975032,690000,
512,warm,False,547959,4.110899,4687141,552000,
512,warm,False,534530,3.905045,4467791,539000,
512,warm,False,555494,2.22224,2813420,561000,
512,warm,False,502176,3.01735,3545236,507000,
512,warm,False,659911,2.63837,3316711,664000,
512,warm,False,491719,3.092555,3608076,498000,
512,warm,False,545575,3.603404,4170377,550000,
512,warm,False,494181,3.677081,4207773,507000,
512,warm,False,539032,4.019647,4580825,544000,
512,warm,False,542868,3.392848,3956456,548000,
512,warm,False,691632,2.673428,3384684,696000,
512,warm,False,553095,3.415398,4003489,573000,
512,warm,False,486787,2.905106,3426122,493000,
512,warm,False,552378,3.431744,4007504,557000,
512,warm,False,497142,3.320357,3839922,504000,
512,warm,False,669352,2.66286,3361850,681000,
512,warm,False,550166,3.887919,4459443,554000,
512,warm,False,679393,2.672345,3379686,685000,
512,warm,False,482102,3.398747,3901413,486000,
512,warm,False,548210,4.133172,4713921,553000,
512,warm,False,1068628,3.572474,4680312,1073000,
512,warm,False,691703,3.885457,4618475,706000,
512,warm,False,501892,2.504914,3069562,510000,
512,warm,False,697580,3.519828,4241484,703000,
512,warm,False,676511,3.750672,4460803,684000,
512,warm,False,676234,2.745039,3454293,690000,
512,warm,False,574096,3.168187,3764968,579000,
512,warm,False,552500,3.2521,3835160,559000,
512,warm,False,1075944,3.853802,4954332,1081000,
512,warm,False,517566,3.656544,4212597,526000,
512,warm,False,542872,3.828429,4400356,547000,
512,warm,False,679768,3.968761,4674360,686000,
512,warm,False,540130,3.46599,4034561,544000,
512,warm,False,593295,3.172464,3787794,598000,
512,warm,False,491445,3.683959,4194259,496000,
512,warm,False,675025,2.958307,3653968,679000,
512,warm,False,542619,3.60276,4164563,546000,
512,warm,False,502978,3.649173,4175913,508000,
512,warm,False,544649,3.30413,3894266,549000,
512,warm,False,497730,2.975395,3496614,503000,
512,warm,False,552649,3.567505,4143732,558000,
512,warm,False,565079,4.165739,4769068,570000,
512,warm,False,573255,2.971677,3565331,578000,
512,warm,False,553499,4.092884,4675941,558000,
512,warm,False,560508,3.641937,4233561,565000,
512,warm,False,550025,3.908026,4490005,555000,
512,warm,False,605219,4.008604,4641803,610000,
512,warm,False,595127,3.948267,4580311,601000,
512,warm,False,597165,3.917251,4543953,600000,
512,warm,False,505433,3.479716,4013163,509000,
512,warm,False,677927,4.138617,4863683,684000,
512,warm,False,604442,3.758338,4405978,616000,
512,warm,False,1061897,3.440391,4528300,1066000,
512,warm,False,488951,3.512999,4039802,494000,
512,warm,False,488892,3.919479,4434921,493000,
512,warm,False,538294,3.711931,4281486,543000,
512,warm,False,477954,3.752213,4259180,481000,
512,warm,False,543797,3.686302,4269286,547000,
512,warm,False,492196,4.002131,4517289,496000,
512,warm,False,529117,4.068344,4618432,534000,
512,warm,False,491163,3.005879,3519706,499000,
512,warm,False,545549,2.827118,3396914,550000,
512,warm,False,496805,3.854044,4376288,502000,
512,warm,False,549774,3.751529,4326927,556000,
512,warm,False,489573,3.631877,4149136,494000,
512,warm,False,665447,3.158422,3859174,672000,
512,warm,False,594493,3.045858,3662172,599000,
512,warm,False,538820,3.421338,3986200,543000,
512,warm,False,552155,3.173849,3751305,558000,
512,warm,False,539420,3.50701,4070873,545000,
512,warm,False,494016,3.007755,3999248,498000,
512,warm,False,1069623,3.738262,4830691,1074000,
512,warm,False,562962,3.059474,3650630,572000,
512,warm,False,678295,3.981459,4687332,682000,
512,warm,False,1069808,3.256278,4360713,1074000,
512,warm,False,552111,3.555598,4131535,556000,
512,warm,False,547269,3.674481,4272902,570000,
512,warm,False,541138,3.84543,4414129,548000,
512,warm,False,599219,3.850655,4481695,604000,
512,warm,False,545462,3.960691,4531129,551000,
512,warm,False,556823,3.786654,4385009,566000,
512,warm,False,676119,3.2158,3915879,680000,
512,warm,False,509629,3.571931,4113205,519000,
512,warm,False,553649,3.731066,4317915,559000,
512,warm,False,554139,2.760945,3341637,560000,
512,warm,False,546509,3.323014,3893402,552000,
512,warm,False,541689,3.414029,3981495,549000,
512,warm,False,501521,4.101293,4641107,510000,
128,cold,True,6832215,2.83775,11097609,0,
128,cold,True,1186784,3.89033,6211426,1225000,
128,cold,True,6129508,3.43089,10896484,6528000,
128,cold,True,1180893,3.528309,5951956,1246000,
128,cold,True,6348042,3.131315,10868925,6848000,
128,cold,True,1317397,4.182851,7109824,1408000,
128,cold,True,5992749,4.796075,12218943,6361000,
128,cold,True,1244032,4.390554,7144130,1339000,
128,cold,True,6524378,4.724613,12954387,6948000,
128,cold,True,6016232,3.105641,10344830,6173000,
128,cold,True,1212036,4.770631,7555397,1296000,
128,cold,True,1167355,3.224345,5866785,1237000,
128,cold,True,5647394,4.251632,11708815,6024000,
128,cold,True,8334573,4.869863,15114411,8840000,
128,cold,True,6756319,3.228035,11498913,7097000,
128,cold,True,6222309,4.546627,12503074,6614000,
128,cold,True,8502429,3.390752,13298229,0,
128,cold,True,6696597,4.477534,12787194,7002000,
128,cold,True,6651677,3.723324,11878850,7013000,
128,cold,True,5963895,3.504128,10749544,6146000,
128,cold,True,7226282,4.910583,13773351,7790000,
128,cold,True,6959212,4.81452,13155216,7221000,
128,cold,True,1216078,3.708883,6148888,1252000,
128,cold,True,1759950,3.628964,6962527,1799000,
128,cold,True,6249899,2.976494,10621471,6468000,
128,cold,True,6614557,3.811903,11740980,6845000,
128,cold,True,1194426,3.729689,6202298,1281000,
128,cold,True,1176941,4.123068,6643906,1282000,
128,cold,True,6542757,3.123247,11134240,6800000,
128,cold,True,1224152,3.058916,5511998,1278000,
128,cold,True,1217410,3.021447,5430703,1259000,
128,cold,True,6820977,4.479978,12816093,7200000,
128,cold,True,1172273,3.451205,5806259,1228000,
128,cold,True,6442641,3.429213,11244549,6754000,
128,cold,True,6635500,3.574409,12267175,7090000,
128,cold,True,1301864,2.950329,5598771,1340000,
128,cold,True,1818752,3.370001,7069364,1926000,
128,cold,True,8428020,3.132415,11605348,8450000,
128,cold,True,6822067,4.751548,12700432,6977000,
128,cold,True,1316483,3.509304,6126713,1357000,
128,cold,True,1319023,3.590049,6221954,1420000,
128,cold,True,5427503,3.28938,10093729,5724000,
128,cold,True,6635812,3.627045,11960972,7137000,
128,cold,True,6275119,3.872596,11500059,6442000,
128,cold,True,1199710,3.136483,5730733,1248000,
128,cold,True,1189282,3.095659,5402003,1236000,
128,cold,True,1185027,3.465183,6000161,1264000,
128,cold,True,7219531,4.903774,13769392,7812000,
128,cold,True,1241729,3.094168,5711357,1333000,
128,cold,True,1168468,3.795966,6180920,1216000,
128,cold,True,5640751,4.799968,11782166,5867000,
128,cold,True,1459720,4.799742,7865570,1546000,
128,cold,True,6416634,3.171087,11310247,6839000,
128,cold,True,5814855,3.818057,10962646,6121000,
128,cold,True,1213526,4.57193,7182572,1285000,
128,cold,True,5508792,3.787582,10476034,5636000,
128,cold,True,1168699,3.640135,6147869,1272000,
128,cold,True,5512606,2.725402,8262997,5523000,
128,cold,True,1079927,4.537819,6981048,1143000,
128,cold,True,8337891,3.255844,13113936,0,
128,cold,True,6949536,4.239142,12525971,7322000,
128,cold,True,6422619,3.696534,11621094,6768000,
128,cold,True,1183754,3.600534,6008151,1241000,
128,cold,True,5658251,2.698912,8388729,5668000,
128,cold,True,5927531,3.477576,11056619,6398000,
128,cold,True,6320085,3.75981,11382185,6460000,
128,cold,True,1370104,4.257293,6805166,1418000,
128,cold,True,6728025,2.780049,10987714,0,
128,cold,True,7514532,3.189321,12806909,7956000,
128,cold,True,5247470,2.867135,8207492,5325000,
128,cold,True,1368699,3.773133,6397880,1404000,
128,cold,True,1386140,3.134397,6255614,1460000,
128,cold,True,1267039,3.327964,5802971,1355000,
128,cold,True,1161101,3.468871,5896503,1243000,
128,cold,True,5847932,4.638225,11828235,6095000,
128,cold,True,1318563,4.823016,7692707,1424000,
128,cold,True,7014866,3.627704,12016722,7200000,
128,cold,True,1343849,2.815185,5487217,1402000,
128,cold,True,6050767,4.774156,12363467,6513000,
128,cold,True,6347308,3.677342,11879111,6604000,
128,cold,True,1416185,3.89693,6755953,1516000,
128,cold,True,4822767,2.65369,7504662,4835000,
128,cold,True,7953132,3.902347,18204317,8264000,
128,cold,True,5726035,3.774429,10850032,5895000,
128,cold,True,6341360,4.914477,13096250,6815000,
128,cold,True,6412782,3.705426,11429325,6631000,
128,cold,True,5421574,3.832469,10580743,5741000,
128,cold,True,1311457,2.844487,5565759,1422000,
128,cold,True,6211693,4.366962,12243197,6502000,
128,cold,True,8335879,3.356288,13409349,0,
128,cold,True,7451039,4.81959,13728120,7692000,
128,cold,True,1338947,4.329871,6975998,1390000,
128,cold,True,7614927,3.74125,11388632,7629000,
128,cold,True,7542604,4.357134,13497023,7929000,
128,cold,True,6733573,3.737781,12377101,7272000,
128,cold,True,1061060,2.835844,4897593,1108000,
128,cold,True,1166460,3.37407,5623778,1229000,
128,cold,True,1355708,4.362215,6979666,1442000,
128,cold,True,5850515,4.190018,11635285,6270000,
128,cold,True,7130157,3.556665,12322944,7355000,
128,cold,True,6210288,4.393246,11994063,6430000,
128,cold,True,1276353,4.449034,6954502,1358000,
128,cold,True,6794488,3.687278,12333504,7187000,
128,cold,True,6712153,2.503098,9255885,6738000,
128,cold,True,6204121,4.38975,12402787,6595000,
128,cold,True,6937894,4.805265,13818428,7506000,
128,cold,True,5710109,4.049033,9842135,5770000,
128,cold,True,6099392,3.633113,11244733,6430000,
128,cold,True,5826605,3.676679,10954335,6240000,
128,cold,True,5722180,3.514812,10600648,6018000,
128,cold,True,1094491,4.367677,6533864,1127000,
128,cold,True,1574092,4.922051,7915760,1635000,
128,cold,True,6350136,3.031854,10688486,6509000,
128,cold,True,1162213,4.765029,7118579,1246000,
128,cold,True,1370713,2.897687,5836466,1423000,
128,cold,True,6224114,3.746548,11485579,6588000,
128,cold,True,6852548,2.539976,9514170,6953000,
128,cold,True,1128480,3.377115,5631677,1159000,
128,cold,True,6943564,4.694477,13132706,7368000,
128,cold,True,1192981,4.796864,7202937,1245000,
128,cold,True,6159922,3.517207,11184545,6418000,
128,cold,True,6231660,3.562287,9855438,6279000,
128,cold,True,1198859,3.77143,6086463,1247000,
128,cold,True,7747024,3.841085,17996081,8084000,
128,cold,True,1228718,2.724007,5147513,1280000,
128,cold,True,1296197,4.638926,7352193,1368000,
128,cold,True,5052998,2.971626,9264321,5217000,
128,cold,True,1082151,3.409624,5608708,1122000,
128,cold,True,1261085,3.702038,6401026,1347000,
128,cold,True,1238748,3.249103,5658310,1287000,
128,cold,True,6242960,3.851898,11461057,6486000,
128,cold,True,7145696,3.54303,12441396,7370000,
128,cold,True,5534232,3.435873,10310241,5695000,
128,cold,True,6842473,3.881883,12586219,7448000,
128,cold,True,1371148,2.926478,5751025,1417000,
128,cold,True,7322129,3.394584,12447236,7743000,
128,cold,True,5612421,4.454207,11389279,5971000,
128,cold,True,6537894,3.054963,10978974,6728000,
128,cold,True,6733732,4.26585,12347707,6959000,
128,cold,True,1139762,3.61975,6115017,1204000,
128,cold,True,1166736,4.462305,7024673,1223000,
128,cold,True,6028880,3.744948,11177534,6415000,
128,cold,True,6845509,4.929187,13247181,6969000,
128,cold,True,1276626,4.497771,6995093,1335000,
128,cold,True,1196342,2.94747,5308070,1276000,
128,cold,True,1185909,3.50619,5907681,1263000,
128,cold,True,6244836,3.507843,10919965,6358000,
128,cold,True,6196559,4.688322,12271066,6393000,
128,cold,True,5844435,3.368997,10496521,6034000,
128,cold,True,6954226,3.671599,11787858,6976000,
128,cold,True,1205292,3.504588,5830859,1261000,
128,cold,True,7292565,3.708929,12830549,7673000,
128,cold,True,7495942,3.508097,12841771,7829000,
128,cold,True,5935753,3.219767,10719362,6338000,
128,cold,True,5097716,3.423989,9723072,5263000,
128,cold,True,7228072,3.310476,12260277,7561000,
128,cold,True,1224728,3.637809,5999472,1301000,
128,cold,True,1282969,3.713052,6444012,1326000,
128,cold,True,1346333,3.427846,5959435,1444000,
128,cold,True,6735625,2.838488,10803437,0,
128,cold,True,7454667,3.754182,12790138,7645000,
128,cold,True,1952033,4.70755,7961032,2039000,
128,cold,True,1150268,3.585918,6094289,1189000,
128,cold,True,5433619,3.279101,9938136,5598000,
128,cold,True,1321463,4.616537,7580047,1401000,
128,cold,True,1297449,3.510472,6554450,1401000,
128,cold,True,1133616,3.814471,6010645,1198000,
128,cold,True,5842759,4.714357,12220087,6335000,
128,cold,True,1248669,3.590677,6200263,1313000,
128,cold,True,6489756,4.761149,12790162,6974000,
128,cold,True,1223558,3.471254,6202339,1265000,
128,cold,True,1223648,3.448224,5864892,1275000,
128,cold,True,5916883,3.437733,10545977,6084000,
128,cold,True,1224210,3.559847,6133360,1294000,
128,cold,True,1306779,2.870236,5747662,1389000,
128,cold,True,7227362,3.303131,12354667,7654000,
128,cold,True,1403115,3.553734,6345112,1446000,
128,cold,True,1172252,3.370435,5854817,1234000,
128,cold,True,9344339,3.474729,15259133,10112000,
128,cold,True,6415906,3.866307,11612872,6544000,
128,cold,True,1123778,3.747196,5978017,1208000,
128,cold,True,5944836,4.709616,11900804,6064000,
128,cold,True,6065641,3.647496,11218341,6288000,
128,cold,True,7140351,3.556271,12200993,7293000,
128,cold,True,7206952,3.534185,12691731,7786000,
128,cold,True,5459326,3.421761,10305160,5686000,
128,cold,True,5223311,3.121457,9722571,5542000,
128,cold,True,6630279,3.754192,11919214,6830000,
128,cold,True,6740312,3.510893,11782198,7111000,
128,cold,True,5531208,2.340705,7922798,5561000,
128,cold,True,5850688,3.665369,10837434,6037000,
128,cold,True,5925246,3.792846,9884741,6070000,
128,cold,True,7520977,3.863786,12961363,7742000,
128,cold,True,1145820,3.544012,5853100,1239000,
128,cold,True,7936466,3.750197,17982245,8073000,
128,cold,True,6131067,3.681134,11225217,6433000,
128,cold,True,6258653,2.50046,8796570,6281000,
128,cold,True,1186040,3.266118,5701552,1244000,
128,cold,True,8039636,3.385182,11457215,8057000,
128,cold,True,8340479,4.889515,15020632,8703000,
128,cold,True,7225010,3.759002,12660844,7456000,
128,cold,True,5743090,2.730483,8634364,5853000,
128,cold,True,5233047,3.605267,10170215,5566000,
128,cold,True,1312605,3.459856,6048539,1374000,
128,cold,True,1393174,4.813744,7706583,1482000,
128,cold,True,1167050,3.663837,6042296,1241000,
256,warm,False,560425,2.558387,3139283,565000,
256,warm,False,650465,3.476757,4146889,655000,
256,warm,False,684382,2.099739,2806376,691000,
256,warm,False,599310,3.001913,3620535,603000,
256,warm,False,810041,2.635257,3464828,814000,
256,warm,False,602038,2.964341,3592569,608000,
256,warm,False,574680,3.6131,4216199,579000,
256,warm,False,681893,2.796914,3498857,686000,
256,warm,False,565258,2.911014,3497630,570000,
256,warm,False,630946,2.614078,3265262,636000,
256,warm,False,566032,3.141904,3725932,570000,
256,warm,False,566430,3.647576,4765023,570000,
256,warm,False,567963,3.25431,3843876,572000,
256,warm,False,565204,3.018578,3609431,571000,
256,warm,False,597635,3.423571,4050872,603000,
256,warm,False,549034,2.904975,3481755,553000,
256,warm,False,637264,3.193063,3860055,650000,
256,warm,False,708708,2.706169,3438035,714000,
256,warm,False,686194,3.786028,4505210,691000,
256,warm,False,525732,2.858988,3406426,530000,
256,warm,False,582449,2.965291,3571040,587000,
256,warm,False,665512,3.079323,3767244,670000,
256,warm,False,796394,2.772856,3593159,801000,
256,warm,False,684212,3.76547,4473520,689000,
256,warm,False,561145,3.34801,3931429,564000,
256,warm,False,666461,3.29796,3983277,670000,
256,warm,False,539520,2.974431,3530992,542000,
256,warm,False,654885,3.703163,4378226,658000,
256,warm,False,486852,2.465681,2968781,490000,
256,warm,False,627795,2.69021,3334752,631000,
256,warm,False,601375,2.69292,3312408,605000,
256,warm,False,664420,3.353926,4055139,677000,
256,warm,False,582139,3.211219,3818930,587000,
256,warm,False,540469,3.506278,4077603,545000,
256,warm,False,502436,3.420958,4480668,509000,
256,warm,False,733278,3.209495,3982392,743000,
256,warm,False,630090,3.256622,3913819,635000,
256,warm,False,896273,3.164357,4094639,902000,
256,warm,False,719725,2.988491,3734275,724000,
256,warm,False,618212,3.173716,3827373,622000,
256,warm,False,510767,3.310773,3847398,515000,
256,warm,False,555546,3.255187,3900180,624000,
256,warm,False,705977,3.827117,4643021,792000,
256,warm,False,614017,3.6319,4281868,620000,
256,warm,False,633791,3.588956,4255304,642000,
256,warm,False,495424,2.857539,3383617,501000,
256,warm,False,764190,2.9961,3787307,770000,
256,warm,False,517791,3.303344,4569140,522000,
256,warm,False,756840,3.256196,4056313,766000,
256,warm,False,565907,3.090675,3684178,571000,
256,warm,False,548664,3.497719,4065624,553000,
256,warm,False,832083,3.242787,4096325,836000,
256,warm,False,908939,3.568617,4508762,915000,
256,warm,False,788368,3.384638,4206230,794000,
256,warm,False,680346,3.247353,3962758,688000,
256,warm,False,867723,2.708779,3600013,875000,
256,warm,False,712588,3.232432,3970591,718000,
256,warm,False,659266,2.997067,3678896,665000,
256,warm,False,775388,3.07777,3874863,779000,
256,warm,False,762342,3.872535,4658727,767000,
256,warm,False,709370,2.917056,3654623,717000,
256,warm,False,738575,2.619872,3379748,743000,
256,warm,False,610254,3.068147,3702939,613000,
256,warm,False,657852,3.094235,3774537,661000,
256,warm,False,613670,2.862314,3493093,617000,
256,warm,False,569756,3.15222,3743238,573000,
256,warm,False,564808,3.502728,4086592,568000,
256,warm,False,650786,2.982506,3659301,656000,
256,warm,False,684117,2.635067,3341112,689000,
256,warm,False,785771,3.282771,4093124,790000,
256,warm,False,692182,2.907608,3623274,697000,
256,warm,False,565862,3.64932,4237868,570000,
256,warm,False,700199,3.026431,3750299,706000,
256,warm,False,681267,2.58892,3292658,687000,
256,warm,False,549525,2.877263,3456085,554000,
256,warm,False,669805,3.204336,3897342,674000,
256,warm,False,586101,3.784342,4400917,591000,
256,warm,False,528132,2.645196,3197872,533000,
256,warm,False,507323,3.207847,3736299,512000,
256,warm,False,527012,3.558858,4117538,532000,
256,warm,False,668577,3.717481,4409521,673000,
256,warm,False,625248,2.784551,3431844,631000,
256,warm,False,543945,3.418445,3985164,550000,
256,warm,False,698367,2.605118,3322618,703000,
256,warm,False,823035,2.896377,3744201,827000,
256,warm,False,629834,3.303179,3958315,634000,
256,warm,False,685773,3.062529,3773773,690000,
256,warm,False,551492,3.2499,3825638,556000,
256,warm,False,732265,2.973826,3735153,737000,
256,warm,False,625626,3.122355,3768654,628000,
256,warm,False,563362,3.500409,4084812,567000,
256,warm,False,652581,2.966941,3640043,656000,
256,warm,False,552812,3.064534,3641374,556000,
256,warm,False,699260,3.212037,3930060,703000,
256,warm,False,594115,3.655536,4520462,597000,
256,warm,False,760185,3.412476,4207278,770000,
256,warm,False,722577,3.465063,4218387,728000,
256,warm,False,551542,3.507903,4095783,556000,
256,warm,False,544390,3.278557,3853459,548000,
256,warm,False,576702,3.132287,3736748,580000,
256,warm,False,835421,3.316376,4177218,840000,
256,warm,False,636362,3.446853,4116206,642000,
256,warm,False,562263,3.214392,4460993,567000,
256,warm,False,764474,3.341321,4144165,768000,
256,warm,False,615940,3.408405,4060563,621000,
256,warm,False,572160,3.294908,3895529,576000,
256,warm,False,688812,3.179043,3898597,695000,
256,warm,False,847292,3.601908,4474371,852000,
256,warm,False,624645,3.003604,3657264,630000,
256,warm,False,805401,3.014798,3863804,817000,
256,warm,False,814935,3.828824,4677050,821000,
256,warm,False,671794,3.257941,3953701,676000,
256,warm,False,541918,2.604076,3174697,552000,
256,warm,False,835730,2.707115,3564487,840000,
256,warm,False,570571,2.632382,3227701,575000,
256,warm,False,554387,3.80784,4382521,558000,
256,warm,False,728601,3.216208,3970057,735000,
256,warm,False,719332,2.803062,3560469,733000,
256,warm,False,691320,3.016002,3729314,696000,
256,warm,False,750652,3.03446,3805862,755000,
256,warm,False,740367,3.231497,3997168,745000,
256,warm,False,661980,3.271999,4673394,666000,
256,warm,False,570917,3.257522,3851238,576000,
256,warm,False,636275,2.834632,3495399,641000,
256,warm,False,587271,3.028432,3643320,592000,
256,warm,False,555001,2.965903,3542444,560000,
256,warm,False,702202,3.271247,3998122,706000,
256,warm,False,601892,2.166645,2787377,606000,
256,warm,False,605589,2.807776,3431956,610000,
256,warm,False,670611,3.3601,4051946,676000,
256,warm,False,709171,3.489826,4768896,716000,
256,warm,False,771153,3.192621,4600488,779000,
256,warm,False,699104,2.731105,3452131,703000,
256,warm,False,623277,3.187187,3837422,628000,
256,warm,False,565023,2.831511,3424227,572000,
256,warm,False,555826,2.68328,3279290,561000,
256,warm,False,574331,3.289837,3895687,579000,
256,warm,False,604492,3.109307,3736420,609000,
256,warm,False,613612,3.003471,3638941,619000,
256,warm,False,592015,3.779247,4392491,596000,
256,warm,False,624785,3.020557,3673338,631000,
256,warm,False,596801,3.53799,4161633,602000,
256,warm,False,554488,3.311531,3896808,560000,
256,warm,False,727765,2.65729,3406086,732000,
256,warm,False,668174,3.399951,4783497,673000,
256,warm,False,702549,3.325402,4061438,707000,
256,warm,False,661560,3.334784,4052860,666000,
256,warm,False,697200,3.279223,4007338,702000,
256,warm,False,691768,3.404492,4117590,696000,
256,warm,False,596371,3.448878,4083595,601000,
256,warm,False,645038,3.30704,3988897,650000,
256,warm,False,606857,3.353189,4605396,611000,
256,warm,False,553532,3.522613,4101144,557000,
256,warm,False,696009,3.570123,4291938,701000,
256,warm,False,617923,3.109568,3766139,623000,
256,warm,False,807297,3.732585,4564522,811000,
256,warm,False,621113,3.275183,3926049,626000,
256,warm,False,614197,3.558224,4197788,618000,
256,warm,False,697787,3.248032,3977201,705000,
256,warm,False,719399,3.811932,4562249,724000,
256,warm,False,555095,3.416941,4009284,563000,
256,warm,False,694627,3.568773,4779338,699000,
256,warm,False,840873,3.194089,4069307,845000,
256,warm,False,625864,3.185048,3841418,631000,
256,warm,False,564498,3.472051,4065360,569000,
256,warm,False,609757,3.307907,3946947,614000,
256,warm,False,760995,3.872475,4669008,765000,
256,warm,False,772182,3.317032,4118283,777000,
256,warm,False,637259,3.41412,4080055,646000,
256,warm,False,660177,3.292757,3983665,664000,
256,warm,False,634364,3.702746,4361827,641000,
256,warm,False,679820,2.849181,3551698,684000,
256,warm,False,561733,2.623997,3208696,568000,
256,warm,False,506263,2.272891,2800571,513000,
256,warm,False,559620,3.175144,3755866,563000,
256,warm,False,544567,3.348792,3925744,554000,
256,warm,False,746126,2.918029,3682655,750000,
256,warm,False,693463,3.677845,4392585,697000,
256,warm,False,553375,3.019149,3594786,560000,
256,warm,False,626260,2.43059,3076490,630000,
256,warm,False,717706,2.693837,3438542,723000,
256,warm,False,795143,3.076715,3893308,799000,
256,warm,False,591154,2.097911,2710072,598000,
256,warm,False,699085,2.967928,3687727,703000,
256,warm,False,586468,3.761722,4521394,592000,
256,warm,False,698102,2.869278,3585519,702000,
256,warm,False,602072,2.945548,3571479,607000,
256,warm,False,561614,3.401774,3997411,569000,
256,warm,False,667896,3.157701,3864272,672000,
256,warm,False,685797,3.547433,4679730,693000,
256,warm,False,748816,3.091282,3869174,754000,
256,warm,False,529665,3.791297,4351309,535000,
256,warm,False,544951,3.271736,3848810,549000,
256,warm,False,583738,3.408826,4029447,588000,
256,warm,False,729447,3.105313,3861756,735000,
256,warm,False,549680,3.229949,3806516,554000,
256,warm,False,582375,3.087397,3695979,586000,
256,warm,False,691709,3.383101,4099726,696000,
256,warm,False,639919,3.007718,3671788,644000,
256,warm,False,688978,3.340322,4056103,693000,
256,warm,False,805628,3.767307,4608922,824000,
256,warm,False,590018,3.327024,4596762,594000,
256,warm,False,655701,3.306349,3994731,661000,
256,warm,False,530720,3.528996,4091366,535000,
256,warm,False,802302,3.375949,4212296,807000,
256,warm,False,675703,3.577238,4288935,680000,
256,warm,False,500183,3.32909,4331542,504000,
256,warm,False,538371,3.067855,3634204,546000,
256,warm,False,722792,3.660089,4411017,727000,
256,warm,False,561414,3.236883,3828850,567000,
256,warm,False,498262,3.299446,3829657,509000,
256,warm,False,811258,3.103304,3944756,815000,
256,warm,False,494645,3.174534,3703279,501000,
256,warm,False,544662,2.97296,3542898,549000,
256,warm,False,589474,3.27196,3894576,593000,
256,warm,False,612207,3.429734,4077571,617000,
128,warm,False,916876,3.02304,3966244,924000,
128,warm,False,794484,3.114429,3938403,806000,
128,warm,False,827753,3.941905,4814523,834000,
128,warm,False,840625,3.843494,4765813,900000,
128,warm,False,834285,3.27757,4132423,839000,
128,warm,False,913815,3.708399,4650763,919000,
128,warm,False,720079,3.807067,4563079,730000,
128,warm,False,733339,3.659383,4426134,737000,
128,warm,False,922025,3.486581,4440354,927000,
128,warm,False,743841,3.685164,4454343,748000,
128,warm,False,776378,3.620448,4430301,780000,
128,warm,False,771103,3.826049,4617793,775000,
128,warm,False,734987,3.455632,4215172,739000,
128,warm,False,928439,3.534966,4489003,932000,
128,warm,False,859680,3.744094,4638323,864000,
128,warm,False,859133,3.863172,4751865,864000,
128,warm,False,918759,3.370762,4314595,926000,
128,warm,False,735433,3.387581,4151884,745000,
128,warm,False,734187,3.336121,4095917,738000,
128,warm,False,858082,3.896691,4829972,912000,
128,warm,False,879564,3.075374,3975526,883000,
128,warm,False,738410,3.163331,3923259,743000,
128,warm,False,698642,3.466449,4283479,800000,
128,warm,False,715591,3.579038,4323750,719000,
128,warm,False,834112,3.191447,4066634,860000,
128,warm,False,819647,3.94862,4798974,824000,
128,warm,False,722595,3.81972,4577566,729000,
128,warm,False,841894,3.295023,4157431,846000,
128,warm,False,946534,3.520454,4492415,953000,
128,warm,False,799574,3.182236,4003234,804000,
128,warm,False,824300,3.550493,4407177,829000,
128,warm,False,771201,3.319014,4115319,776000,
128,warm,False,720535,3.673991,4421119,726000,
128,warm,False,887721,3.412337,4369931,937000,
128,warm,False,1255069,3.437507,4723813,1259000,
128,warm,False,712778,3.458814,4215213,718000,
128,warm,False,808638,3.678567,4518772,813000,
128,warm,False,790483,3.822741,4724521,872000,
128,warm,False,716055,3.524667,4277479,721000,
128,warm,False,735903,3.615695,4374386,740000,
128,warm,False,872982,2.820109,3711512,877000,
128,warm,False,835093,3.831681,4700490,839000,
128,warm,False,862709,3.897369,4805882,871000,
128,warm,False,607300,3.605427,4243763,612000,
128,warm,False,880353,3.817362,4727426,885000,
128,warm,False,770811,3.728481,4533217,775000,
128,warm,False,804151,3.896811,4735139,809000,
128,warm,False,959203,3.539186,4523965,964000,
128,warm,False,877662,3.602199,4509422,881000,
128,warm,False,996730,3.855613,4897140,1006000,
128,warm,False,805907,3.404555,4277759,856000,
128,warm,False,848640,3.505457,4408850,884000,
128,warm,False,917689,3.43482,4378809,922000,
128,warm,False,903599,3.892296,4842906,934000,
128,warm,False,804336,3.371119,4255164,849000,
128,warm,False,1022183,3.535871,4589869,1031000,
128,warm,False,847990,3.438844,4310216,854000,
128,warm,False,923943,3.449548,4443419,975000,
128,warm,False,993938,3.252792,4273898,1000000,
128,warm,False,893024,3.466396,4386886,897000,
128,warm,False,715789,3.496282,4240651,720000,
128,warm,False,888301,3.059481,4063012,984000,
128,warm,False,856164,3.327026,4203603,861000,
128,warm,False,659238,3.328409,4022066,663000,
128,warm,False,821627,3.948348,4796129,832000,
128,warm,False,1006884,3.312227,4342198,1011000,
128,warm,False,703050,3.138553,3951220,797000,
128,warm,False,873387,3.273692,4172466,877000,
128,warm,False,723049,3.552532,4307756,739000,
128,warm,False,1237080,3.549337,4819258,1242000,
128,warm,False,843772,3.469984,4343729,856000,
128,warm,False,816317,3.684681,4523879,820000,
128,warm,False,946487,3.810278,4783573,950000,
128,warm,False,700681,3.80449,4605343,771000,
128,warm,False,833093,2.942518,3804272,843000,
128,warm,False,779864,3.278545,4079992,785000,
128,warm,False,831597,3.389833,4240755,835000,
128,warm,False,885745,3.198947,4104678,889000,
128,warm,False,656689,3.519628,4201328,660000,
128,warm,False,865717,2.907672,3795901,869000,
128,warm,False,889903,3.444317,4356148,895000,
128,warm,False,803835,3.228025,4058371,814000,
128,warm,False,859183,2.708285,3589161,865000,
128,warm,False,658232,3.595438,4275514,662000,
128,warm,False,917242,2.850752,3787876,923000,
128,warm,False,846791,3.157327,4024764,851000,
128,warm,False,639675,3.768487,4429291,643000,
128,warm,False,742010,3.534467,4301403,746000,
128,warm,False,912663,3.802526,4739023,916000,
128,warm,False,891429,2.632724,3543181,895000,
128,warm,False,660322,3.621031,4305410,664000,
128,warm,False,773869,3.348174,4144731,778000,
128,warm,False,879963,3.878627,4783537,884000,
128,warm,False,886423,3.281435,4211390,912000,
128,warm,False,721736,3.420083,4170000,726000,
128,warm,False,727602,3.410824,4162066,731000,
128,warm,False,724755,3.575913,4324654,728000,
128,warm,False,617434,3.110851,3754527,626000,
128,warm,False,740293,3.745078,4506402,744000,
128,warm,False,682989,3.876282,4584562,687000,
128,warm,False,761258,2.969288,3748734,765000,
128,warm,False,859431,1.666943,2552543,864000,
128,warm,False,683382,3.758377,4462994,689000,
128,warm,False,682156,3.552035,4253378,687000,
128,warm,False,819660,2.708197,3564444,827000,
128,warm,False,772802,3.062943,3857556,777000,
128,warm,False,746718,3.747136,4521299,751000,
128,warm,False,702362,3.576135,4301761,706000,
128,warm,False,732649,3.445468,4204516,736000,
128,warm,False,750148,3.953425,4728881,754000,
128,warm,False,781716,3.608384,4421178,785000,
128,warm,False,751874,3.510795,4285903,755000,
128,warm,False,767851,3.586492,4391214,773000,
128,warm,False,785868,3.535022,4364251,804000,
128,warm,False,902773,3.964528,4893179,907000,
128,warm,False,929613,3.495774,4489214,967000,
128,warm,False,721999,3.621976,4367763,728000,
128,warm,False,748661,3.854504,4720494,849000,
128,warm,False,900059,3.629162,4551086,904000,
128,warm,False,805077,3.012248,3838211,808000,
128,warm,False,799094,3.320292,4193125,855000,
128,warm,False,872404,3.183278,4076287,876000,
128,warm,False,708340,3.255637,4022067,750000,
128,warm,False,708420,2.996356,3723277,712000,
128,warm,False,803981,3.958849,4783288,808000,
128,warm,False,908145,3.893577,4821591,913000,
128,warm,False,724792,3.822917,4575453,729000,
128,warm,False,780658,2.94622,3747551,787000,
128,warm,False,917352,3.915479,4865826,921000,
128,warm,False,845712,3.536733,4413474,850000,
128,warm,False,975047,2.851297,3854111,979000,
128,warm,False,770801,3.518599,4320703,776000,
128,warm,False,807725,3.575685,4425462,836000,
128,warm,False,749705,2.737399,3549065,796000,
128,warm,False,782786,3.047344,3851999,788000,
128,warm,False,904258,3.901887,4825926,908000,
128,warm,False,767209,3.21088,3998072,771000,
128,warm,False,646646,3.566931,4231688,650000,
128,warm,False,732603,3.56754,4326525,739000,
128,warm,False,787931,2.332011,3146804,795000,
128,warm,False,810124,3.354862,4185561,814000,
128,warm,False,849894,3.748161,4639599,873000,
128,warm,False,1269512,3.553335,4845739,1275000,
128,warm,False,928603,3.512086,4476805,941000,
128,warm,False,830239,3.503358,4363724,836000,
128,warm,False,971422,3.811569,4829041,992000,
128,warm,False,653358,3.354873,4034980,662000,
128,warm,False,860780,3.940235,4826750,868000,
128,warm,False,972234,3.820343,4823403,976000,
128,warm,False,771219,3.068864,3860724,776000,
128,warm,False,776086,3.93939,4755080,780000,
128,warm,False,846575,2.857146,3725606,853000,
128,warm,False,727545,3.807238,4569079,732000,
128,warm,False,982733,3.472956,4486578,989000,
128,warm,False,901495,3.506364,4439977,912000,
128,warm,False,998889,3.533173,4572738,1008000,
128,warm,False,843551,3.722545,4606698,857000,
128,warm,False,880019,3.440392,4360625,893000,
128,warm,False,790872,3.661627,4483853,799000,
128,warm,False,878057,3.988185,5251949,884000,
128,warm,False,796881,3.533653,4364603,809000,
128,warm,False,860955,3.37126,4257373,866000,
128,warm,False,851186,3.317365,4189124,856000,
128,warm,False,959367,3.61174,4599203,965000,
128,warm,False,925596,3.259429,4210249,931000,
128,warm,False,841983,3.332261,4200323,851000,
128,warm,False,940196,3.462495,4499798,1014000,
128,warm,False,870828,3.350828,4252365,882000,
128,warm,False,735413,3.073996,3834434,745000,
128,warm,False,641842,3.712281,4372259,646000,
128,warm,False,778655,2.961405,3763595,784000,
128,warm,False,770947,3.54895,4346962,775000,
128,warm,False,689031,3.472388,4532286,694000,
128,warm,False,730659,3.228644,3979707,734000,
128,warm,False,1010192,2.840053,3869063,1015000,
128,warm,False,708183,3.791094,4568379,757000,
128,warm,False,730985,2.936981,3686843,736000,
128,warm,False,629156,3.539774,4196550,636000,
128,warm,False,786994,3.333697,4142545,791000,
128,warm,False,855096,3.406653,4289836,859000,
128,warm,False,812626,3.870212,4706124,817000,
128,warm,False,619032,3.846164,4488060,623000,
128,warm,False,841534,3.530941,4394497,845000,
128,warm,False,909299,3.157731,4090324,913000,
128,warm,False,733065,3.589395,4353309,737000,
128,warm,False,877461,3.466982,4371305,882000,
128,warm,False,765582,3.456658,4248946,771000,
128,warm,False,958099,3.924826,4904957,963000,
128,warm,False,943308,3.511732,4486725,955000,
128,warm,False,736415,3.551433,4314766,741000,
128,warm,False,958814,3.632604,4713344,1055000,
128,warm,False,712454,3.12375,3859541,716000,
128,warm,False,701389,3.189844,3911892,706000,
128,warm,False,732731,2.507767,3258443,736000,
128,warm,False,675379,3.794997,4489861,680000,
128,warm,False,747324,3.392173,4159381,751000,
128,warm,False,847708,3.307834,4174909,852000,
128,warm,False,718731,3.306973,4044809,723000,
128,warm,False,710070,3.044685,3779637,720000,
128,warm,False,899382,3.970744,4891661,904000,
128,warm,False,803842,3.455247,4286615,808000,
128,warm,False,742668,3.577017,4350757,753000,
128,warm,False,832444,3.47863,4345900,836000,
128,warm,False,715201,3.534277,4274537,720000,
128,warm,False,1220491,3.414632,4663667,1225000,
128,warm,False,904564,3.75153,4759087,987000,
128,warm,False,1171116,3.469521,4664170,1175000,
